time_tag,speed,density,bx_gsm,by_gsm,bz_gsm,bt,kp_index
2026-05-07 00:55:00+00:00,368.3,2.56,-0.7,2.92,2.61,3.98,0.0
2026-05-07 00:56:00+00:00,368.5,3.02,1.0,-0.35,1.6,1.92,0.0
2026-05-07 00:57:00+00:00,364.2,2.91,1.2,-1.02,1.25,2.01,0.0
2026-05-07 00:58:00+00:00,363.9,3.58,2.08,-1.37,-0.12,2.5,0.0
2026-05-07 00:59:00+00:00,363.9,3.48,1.95,-0.53,-1.39,2.45,0.0
2026-05-07 01:00:00+00:00,364.5,3.17,0.8,-0.05,-1.4,1.61,0.0
2026-05-07 01:01:00+00:00,366.1,2.74,0.36,-1.75,1.0,2.05,0.0
2026-05-07 01:02:00+00:00,364.4,3.09,0.88,-2.15,0.08,2.32,0.0
2026-05-07 01:03:00+00:00,365.6,2.91,1.46,-3.13,-0.48,3.49,0.0
2026-05-07 01:04:00+00:00,367.7,2.94,0.93,-2.56,0.47,2.76,0.0
2026-05-07 01:05:00+00:00,366.0,2.84,1.15,-2.95,-0.03,3.16,0.0
2026-05-07 01:06:00+00:00,366.4,2.97,1.5,-2.92,-0.24,3.29,0.0
2026-05-07 01:07:00+00:00,366.7,3.09,1.69,-2.95,-0.38,3.43,0.0
2026-05-07 01:08:00+00:00,363.8,3.06,1.8,-3.17,-0.91,3.76,0.0
2026-05-07 01:09:00+00:00,363.3,2.91,1.76,-2.15,1.42,3.12,0.0
2026-05-07 01:10:00+00:00,361.4,2.8,1.86,-1.82,1.39,2.95,0.0
2026-05-07 01:11:00+00:00,359.0,3.38,1.78,-2.05,1.28,3.01,0.0
2026-05-07 01:12:00+00:00,360.0,3.34,1.78,-1.97,1.08,2.87,0.0
2026-05-07 01:13:00+00:00,361.6,3.32,1.81,-2.04,1.05,2.93,0.0
2026-05-07 01:14:00+00:00,358.1,3.36,1.83,-2.31,0.84,3.06,0.0
2026-05-07 01:15:00+00:00,360.0,3.48,1.89,-2.07,0.82,2.92,0.0
2026-05-07 01:16:00+00:00,361.8,3.51,0.38,-0.74,0.26,0.88,0.0
2026-05-07 01:17:00+00:00,360.5,3.51,2.41,-2.25,1.11,3.48,0.0
2026-05-07 01:18:00+00:00,359.6,3.02,2.58,-2.47,1.35,3.82,0.0
2026-05-07 01:19:00+00:00,360.4,3.54,1.78,-1.83,0.85,2.69,0.0
2026-05-07 01:20:00+00:00,361.8,3.59,1.82,-1.47,0.09,2.34,0.0
2026-05-07 01:21:00+00:00,360.1,3.51,2.1,-1.59,0.37,2.66,0.0
2026-05-07 01:22:00+00:00,358.8,3.56,2.1,-1.78,0.26,2.77,0.0
2026-05-07 01:23:00+00:00,360.0,3.51,2.21,-2.03,-0.12,3.0,0.0
2026-05-07 01:24:00+00:00,365.3,3.51,-1.54,0.9,0.84,1.97,0.0
2026-05-07 01:25:00+00:00,374.0,3.39,-3.86,2.8,1.74,5.07,0.0
2026-05-07 01:26:00+00:00,377.5,2.81,-3.83,2.67,2.07,5.11,0.0
2026-05-07 01:27:00+00:00,375.0,2.58,-3.5,2.78,2.39,5.07,0.0
2026-05-07 01:28:00+00:00,374.9,2.62,-3.31,2.65,2.67,5.01,0.0
2026-05-07 01:30:00+00:00,375.6,2.58,-3.45,2.67,2.41,4.99,0.0
2026-05-07 01:31:00+00:00,375.3,2.79,-3.21,2.54,2.86,4.99,0.0
2026-05-07 01:32:00+00:00,373.6,2.73,-3.14,1.92,3.31,4.95,0.0
2026-05-07 01:33:00+00:00,373.5,2.9,-3.0,2.03,3.26,4.87,0.0
2026-05-07 01:34:00+00:00,373.3,2.96,-2.83,1.85,3.44,4.82,0.0
2026-05-07 01:35:00+00:00,371.4,2.83,-2.45,1.66,3.76,4.79,0.0
2026-05-07 01:36:00+00:00,370.9,2.89,-2.53,1.66,3.74,4.81,0.0
2026-05-07 01:37:00+00:00,373.7,2.76,-2.49,1.9,3.77,4.9,0.0
2026-05-07 01:38:00+00:00,372.8,2.28,-1.79,2.06,4.11,4.94,0.0
2026-05-07 01:39:00+00:00,368.0,1.92,-1.55,2.01,4.2,4.9,0.0
2026-05-07 01:40:00+00:00,368.0,1.92,-1.53,1.93,4.2,4.87,0.0
2026-05-07 01:41:00+00:00,366.9,1.97,-1.45,2.12,4.14,4.87,0.0
2026-05-07 01:42:00+00:00,367.0,1.96,-1.54,2.22,4.05,4.87,0.0
2026-05-07 01:43:00+00:00,367.4,1.91,-2.02,1.92,4.25,5.08,0.0
2026-05-07 01:44:00+00:00,367.3,1.89,-1.89,1.92,4.31,5.09,0.0
2026-05-07 01:45:00+00:00,364.7,1.83,-1.58,1.89,4.3,4.95,0.0
2026-05-07 01:46:00+00:00,366.0,1.81,-1.37,1.93,4.46,5.05,0.0
2026-05-07 01:47:00+00:00,364.4,1.9,-1.14,1.69,4.58,5.01,0.0
2026-05-07 01:48:00+00:00,364.4,1.79,-1.21,1.53,4.28,4.71,0.0
2026-05-07 01:49:00+00:00,362.8,2.01,-0.76,1.19,4.12,4.36,0.0
2026-05-07 01:50:00+00:00,362.5,2.13,-1.01,-0.17,4.39,4.5,0.0
2026-05-07 01:51:00+00:00,367.8,3.12,-0.98,-0.93,1.32,1.89,0.0
2026-05-07 01:52:00+00:00,367.1,3.3,-0.3,-1.44,0.81,1.68,0.0
2026-05-07 01:53:00+00:00,364.8,2.69,-0.22,0.11,3.75,3.76,0.0
2026-05-07 01:54:00+00:00,363.6,2.51,-0.26,-0.49,3.7,3.74,0.0
2026-05-07 01:55:00+00:00,363.8,2.59,-0.66,1.11,4.01,4.21,0.0
2026-05-07 01:56:00+00:00,364.3,2.3,-0.82,1.5,4.03,4.38,0.0
2026-05-07 01:57:00+00:00,365.3,2.2,-1.0,1.86,3.76,4.31,0.0
2026-05-07 01:58:00+00:00,365.8,2.05,-0.92,1.74,4.05,4.5,0.0
2026-05-07 01:59:00+00:00,365.8,2.08,-1.44,2.1,3.89,4.65,0.0
2026-05-07 02:00:00+00:00,367.7,1.99,-1.88,2.28,3.59,4.65,0.0
2026-05-07 02:01:00+00:00,370.2,2.04,-1.86,2.14,3.7,4.66,0.0
2026-05-07 02:02:00+00:00,370.6,1.87,-1.56,2.12,3.75,4.58,0.0
2026-05-07 02:03:00+00:00,367.0,2.1,-1.18,2.31,3.73,4.54,0.0
2026-05-07 02:04:00+00:00,365.7,2.06,-1.22,2.04,3.44,4.18,0.0
2026-05-07 02:05:00+00:00,362.5,2.52,1.65,-2.01,1.64,3.07,0.0
2026-05-07 02:06:00+00:00,357.0,2.67,1.95,-1.85,2.17,3.45,0.0
2026-05-07 02:07:00+00:00,357.0,2.86,2.15,-1.74,2.38,3.65,0.0
2026-05-07 02:08:00+00:00,356.1,2.89,2.55,-2.07,1.79,3.74,0.0
2026-05-07 02:09:00+00:00,354.7,2.79,2.69,-2.0,1.55,3.69,0.0
2026-05-07 02:10:00+00:00,352.7,2.56,2.81,-1.86,1.67,3.76,0.0
2026-05-07 02:11:00+00:00,352.9,2.54,2.54,-1.55,2.24,3.72,0.0
2026-05-07 02:12:00+00:00,354.9,2.74,2.53,-1.7,2.22,3.77,0.0
2026-05-07 02:14:00+00:00,354.5,2.44,2.65,-1.69,1.86,3.66,0.0
2026-05-07 02:15:00+00:00,353.3,2.49,2.99,-1.41,1.53,3.64,0.0
2026-05-07 02:16:00+00:00,348.0,2.72,3.45,-1.18,1.48,3.93,0.0
2026-05-07 02:17:00+00:00,347.1,2.66,3.6,-0.44,1.35,3.87,0.0
2026-05-07 02:18:00+00:00,350.7,2.84,3.35,0.17,1.51,3.68,0.0
2026-05-07 02:19:00+00:00,349.0,2.52,2.68,-0.4,2.26,3.52,0.0
2026-05-07 02:20:00+00:00,353.7,2.73,2.33,-1.0,2.76,3.75,0.0
2026-05-07 02:21:00+00:00,354.3,2.72,2.25,-1.26,2.82,3.82,0.0
2026-05-07 02:22:00+00:00,355.3,2.44,2.53,-1.11,2.71,3.87,0.0
2026-05-07 02:23:00+00:00,353.1,2.54,2.56,-1.17,2.65,3.86,0.0
2026-05-07 02:24:00+00:00,350.5,2.78,2.65,-0.59,2.77,3.88,0.0
2026-05-07 02:25:00+00:00,354.6,2.76,2.69,-0.13,2.89,3.95,0.0
2026-05-07 02:26:00+00:00,353.0,2.68,2.9,-0.45,2.62,3.94,0.0
2026-05-07 02:27:00+00:00,352.2,2.59,2.81,-0.44,2.73,3.95,0.0
2026-05-07 02:28:00+00:00,352.7,2.58,2.95,-0.54,2.39,3.83,0.0
2026-05-07 02:29:00+00:00,352.1,2.62,3.16,-0.14,2.23,3.87,0.0
2026-05-07 02:30:00+00:00,351.8,2.64,3.29,-0.18,2.16,3.93,0.0
2026-05-07 02:31:00+00:00,351.2,2.7,3.32,0.13,2.19,3.98,0.0
2026-05-07 02:32:00+00:00,351.7,2.62,3.31,0.33,2.19,3.98,0.0
2026-05-07 02:33:00+00:00,348.0,2.67,3.46,0.42,2.05,4.04,0.0
2026-05-07 02:34:00+00:00,348.4,2.59,3.44,0.48,2.25,4.14,0.0
2026-05-07 02:35:00+00:00,349.3,2.47,3.48,0.65,2.29,4.22,1.0
2026-05-07 02:36:00+00:00,349.8,2.52,3.5,0.74,2.04,4.12,1.0
2026-05-07 02:37:00+00:00,351.6,2.45,3.65,0.51,1.76,4.08,1.0
2026-05-07 02:38:00+00:00,351.9,2.55,3.37,1.18,2.25,4.22,1.0
2026-05-07 02:39:00+00:00,349.9,2.55,3.29,1.21,2.15,4.12,1.0
2026-05-07 02:40:00+00:00,350.1,2.57,3.15,1.32,2.35,4.14,1.0
2026-05-07 02:41:00+00:00,351.1,2.59,3.17,1.34,2.17,4.07,1.0
2026-05-07 02:42:00+00:00,352.7,2.54,3.1,1.21,2.36,4.08,1.0
2026-05-07 02:43:00+00:00,352.2,2.52,3.29,1.16,2.26,4.16,1.0
2026-05-07 02:44:00+00:00,350.5,2.61,3.15,1.18,2.32,4.09,1.0
2026-05-07 02:45:00+00:00,352.1,2.63,2.87,1.04,2.46,3.92,1.0
2026-05-07 02:46:00+00:00,354.6,2.53,2.51,0.97,2.83,3.91,1.0
2026-05-07 02:47:00+00:00,356.6,2.93,2.12,0.77,3.21,3.92,1.0
2026-05-07 02:48:00+00:00,356.4,2.93,2.18,0.78,3.11,3.87,1.0
2026-05-07 02:49:00+00:00,355.0,2.9,2.01,0.88,3.23,3.91,1.0
2026-05-07 02:50:00+00:00,358.0,2.72,1.26,1.34,3.68,4.11,1.0
2026-05-07 02:51:00+00:00,357.3,2.4,1.46,1.21,3.71,4.17,1.0
2026-05-07 02:52:00+00:00,354.9,2.72,1.37,1.02,3.67,4.05,1.0
2026-05-07 02:53:00+00:00,358.3,2.82,1.47,1.17,3.46,3.94,1.0
2026-05-07 02:54:00+00:00,360.1,2.49,0.89,0.8,3.85,4.03,1.0
2026-05-07 02:55:00+00:00,359.1,2.56,0.95,0.75,3.8,3.99,1.0
2026-05-07 02:56:00+00:00,360.6,2.68,0.3,1.15,4.04,4.21,1.0
2026-05-07 02:57:00+00:00,365.6,2.6,-0.44,1.59,4.21,4.52,1.0
2026-05-07 02:58:00+00:00,367.4,2.14,-0.37,1.55,4.23,4.52,1.0
2026-05-07 02:59:00+00:00,360.1,2.11,0.45,1.36,4.15,4.39,1.0
2026-05-07 03:00:00+00:00,360.5,2.34,0.49,1.15,4.17,4.35,0.0
2026-05-07 03:01:00+00:00,362.3,2.51,-0.39,1.47,4.21,4.47,0.0
2026-05-07 03:02:00+00:00,364.8,2.01,-0.86,1.52,4.34,4.68,0.0
2026-05-07 03:03:00+00:00,364.9,2.02,-1.19,1.7,4.27,4.75,0.0
2026-05-07 03:04:00+00:00,365.8,2.74,-1.16,1.48,4.37,4.76,0.0
2026-05-07 03:05:00+00:00,367.0,2.06,-1.26,1.71,4.26,4.75,0.0
2026-05-07 03:06:00+00:00,368.5,2.1,-0.92,1.48,4.33,4.67,0.0
2026-05-07 03:07:00+00:00,367.2,1.96,-0.62,1.49,4.36,4.65,0.0
2026-05-07 03:08:00+00:00,344.6,1.11,-0.54,1.78,4.27,4.66,0.0
2026-05-07 03:09:00+00:00,368.0,1.89,-0.56,1.87,4.28,4.7,0.0
2026-05-07 03:10:00+00:00,364.9,2.04,-0.67,1.86,4.27,4.7,0.0
2026-05-07 03:11:00+00:00,370.4,1.54,-0.32,1.76,4.27,4.63,0.0
2026-05-07 03:12:00+00:00,355.9,1.8,-0.33,2.2,4.04,4.61,0.0
2026-05-07 03:13:00+00:00,360.5,1.94,-0.51,2.32,3.99,4.65,0.0
2026-05-07 03:14:00+00:00,371.8,2.7,-0.87,3.34,3.16,4.68,0.0
2026-05-07 03:15:00+00:00,373.2,2.9,-0.61,2.72,3.77,4.69,0.0
2026-05-07 03:16:00+00:00,361.4,1.86,-1.13,2.16,4.02,4.7,0.0
2026-05-07 03:17:00+00:00,353.8,1.17,-1.09,2.1,3.99,4.63,0.0
2026-05-07 03:18:00+00:00,372.5,2.02,-1.16,2.29,3.93,4.69,0.0
2026-05-07 03:19:00+00:00,363.4,2.03,-1.72,2.7,3.43,4.69,0.0
2026-05-07 03:20:00+00:00,358.9,9.61,-1.14,1.83,4.2,4.72,0.0
2026-05-07 03:21:00+00:00,359.2,9.23,-1.26,1.77,4.26,4.78,0.0
2026-05-07 03:22:00+00:00,364.8,2.01,-1.04,1.75,4.26,4.72,0.0
2026-05-07 03:23:00+00:00,367.5,2.1,-1.35,1.11,4.36,4.7,0.0
2026-05-07 03:24:00+00:00,371.5,2.73,0.24,2.87,3.37,4.44,0.0
2026-05-07 03:25:00+00:00,354.3,1.64,0.34,2.9,3.26,4.38,0.0
2026-05-07 03:26:00+00:00,360.7,2.03,0.38,2.31,3.73,4.41,0.0
2026-05-07 03:27:00+00:00,363.2,2.36,-0.78,1.54,4.16,4.5,0.0
2026-05-07 03:28:00+00:00,366.8,2.39,-1.41,1.32,4.3,4.71,0.0
2026-05-07 03:29:00+00:00,361.7,1.91,-1.45,1.51,4.17,4.67,0.0
2026-05-07 03:31:00+00:00,364.1,2.47,-0.48,1.53,4.23,4.52,0.0
2026-05-07 03:32:00+00:00,366.2,3.0,-0.9,1.58,4.18,4.56,0.0
2026-05-07 03:33:00+00:00,362.8,2.86,-0.32,1.05,4.3,4.44,0.0
2026-05-07 03:34:00+00:00,357.3,2.64,-0.45,1.5,4.25,4.53,0.0
2026-05-07 03:35:00+00:00,363.7,2.39,-0.22,1.15,4.35,4.5,0.0
2026-05-07 03:36:00+00:00,365.7,3.07,-0.01,1.34,4.23,4.43,0.0
2026-05-07 03:37:00+00:00,359.5,2.61,-0.23,1.46,4.3,4.54,0.0
2026-05-07 03:38:00+00:00,358.8,2.82,-0.13,0.33,4.54,4.56,0.0
2026-05-07 03:39:00+00:00,362.2,2.73,0.23,-0.12,4.53,4.54,0.0
2026-05-07 03:40:00+00:00,354.9,2.34,0.29,-2.59,1.53,3.02,0.0
2026-05-07 03:41:00+00:00,358.1,2.92,0.4,-3.96,0.27,3.99,0.0
2026-05-07 03:42:00+00:00,357.6,2.73,0.43,-3.13,1.65,3.56,0.0
2026-05-07 03:43:00+00:00,364.3,3.44,0.54,-3.67,-1.66,4.06,0.0
2026-05-07 03:44:00+00:00,366.1,3.62,0.24,-3.85,-1.7,4.21,0.0
2026-05-07 03:45:00+00:00,365.4,3.32,0.6,-4.05,-1.24,4.28,0.0
2026-05-07 03:46:00+00:00,363.5,3.07,0.42,-4.26,-1.07,4.42,0.0
2026-05-07 03:47:00+00:00,359.3,2.69,0.38,-4.33,-1.89,4.74,0.0
2026-05-07 03:48:00+00:00,360.1,2.54,1.3,-2.39,1.4,3.06,0.0
2026-05-07 03:49:00+00:00,363.4,2.71,2.03,-2.3,1.68,3.49,0.0
2026-05-07 03:50:00+00:00,357.4,2.46,1.84,0.26,2.98,3.52,0.0
2026-05-07 03:51:00+00:00,359.9,2.69,1.96,0.27,2.86,3.48,0.0
2026-05-07 03:52:00+00:00,354.5,2.37,1.85,0.7,2.71,3.36,0.0
2026-05-07 03:54:00+00:00,365.2,3.02,1.74,0.45,3.37,3.82,0.0
2026-05-07 03:55:00+00:00,361.0,2.72,1.92,0.64,3.24,3.83,0.0
2026-05-07 03:56:00+00:00,347.6,2.1,2.38,1.12,2.66,3.74,0.0
2026-05-07 03:57:00+00:00,358.9,2.95,2.54,1.43,2.45,3.81,0.0
2026-05-07 03:58:00+00:00,356.0,2.8,2.98,1.34,2.09,3.88,0.0
2026-05-07 03:59:00+00:00,356.4,2.75,2.98,1.34,2.09,3.88,0.0
2026-05-07 04:00:00+00:00,355.4,2.6,2.3,0.44,3.18,3.95,0.0
2026-05-07 04:01:00+00:00,353.6,2.68,2.0,0.14,3.56,4.08,0.0
2026-05-07 04:02:00+00:00,353.8,2.68,2.03,0.2,3.6,4.14,0.0
2026-05-07 04:03:00+00:00,357.6,2.48,1.61,0.99,3.66,4.12,0.0
2026-05-07 04:04:00+00:00,353.8,2.43,2.09,-0.12,3.58,4.14,0.0
2026-05-07 04:05:00+00:00,348.6,2.62,1.94,0.04,3.51,4.01,0.0
2026-05-07 04:06:00+00:00,361.4,2.75,2.34,-0.46,3.23,4.02,0.0
2026-05-07 04:07:00+00:00,362.2,2.87,2.66,-0.39,3.09,4.1,0.0
2026-05-07 04:08:00+00:00,355.1,2.29,2.55,-0.26,3.23,4.12,0.0
2026-05-07 04:09:00+00:00,341.4,2.33,2.6,-0.58,3.22,4.18,0.0
2026-05-07 04:10:00+00:00,352.4,2.58,2.73,-1.31,2.76,4.1,0.0
2026-05-07 04:11:00+00:00,362.1,2.79,2.82,0.31,2.91,4.06,0.0
2026-05-07 04:12:00+00:00,354.8,2.02,2.93,1.33,2.87,4.31,0.0
2026-05-07 04:13:00+00:00,339.0,3.55,2.83,1.21,2.8,4.16,0.0
2026-05-07 04:14:00+00:00,353.7,3.0,2.92,0.79,2.91,4.19,0.0
2026-05-07 04:15:00+00:00,356.1,2.9,2.9,-0.06,3.11,4.25,0.0
2026-05-07 04:16:00+00:00,357.5,2.73,2.5,-0.95,3.07,4.07,1.0
2026-05-07 04:17:00+00:00,348.5,2.48,2.22,0.71,3.3,4.04,1.0
2026-05-07 04:18:00+00:00,349.2,2.4,2.33,0.87,3.6,4.37,1.0
2026-05-07 04:19:00+00:00,358.0,2.64,2.57,0.39,3.67,4.5,1.0
2026-05-07 04:20:00+00:00,359.5,2.77,2.72,0.06,3.48,4.42,1.0
2026-05-07 04:21:00+00:00,353.5,2.44,2.62,-0.15,3.51,4.38,1.0
2026-05-07 04:22:00+00:00,343.7,2.23,2.25,-0.85,3.84,4.53,1.0
2026-05-07 04:23:00+00:00,354.5,2.53,2.84,-0.25,3.35,4.4,1.0
2026-05-07 04:24:00+00:00,357.9,2.74,2.91,0.4,3.31,4.43,1.0
2026-05-07 04:25:00+00:00,356.8,2.68,2.79,0.28,3.2,4.25,1.0
2026-05-07 04:27:00+00:00,350.1,2.17,2.69,-0.61,3.2,4.22,1.0
2026-05-07 04:28:00+00:00,357.6,2.29,2.67,-0.61,3.12,4.16,1.0
2026-05-07 04:29:00+00:00,358.1,2.42,2.93,-1.01,2.52,4.0,1.0
2026-05-07 04:30:00+00:00,353.6,2.61,3.22,-1.31,1.99,4.0,1.0
2026-05-07 04:31:00+00:00,358.6,2.56,2.84,-0.48,2.89,4.08,1.0
2026-05-07 04:32:00+00:00,358.0,2.55,2.93,-0.32,2.85,4.1,1.0
2026-05-07 04:33:00+00:00,356.4,2.61,3.03,-0.53,2.76,4.13,1.0
2026-05-07 04:34:00+00:00,353.6,2.57,3.23,-0.82,2.38,4.09,1.0
2026-05-07 04:35:00+00:00,353.7,2.6,3.35,-1.19,2.25,4.21,1.0
2026-05-07 04:36:00+00:00,356.3,2.69,3.25,-1.86,2.09,4.29,1.0
2026-05-07 04:37:00+00:00,355.0,2.62,3.23,-2.31,1.54,4.26,1.0
2026-05-07 04:38:00+00:00,353.1,2.52,3.26,-1.9,1.68,4.13,1.0
2026-05-07 04:39:00+00:00,349.1,2.43,3.12,-1.46,2.15,4.06,1.0
2026-05-07 04:40:00+00:00,356.0,2.65,3.07,-1.88,1.72,3.99,1.0
2026-05-07 04:41:00+00:00,356.8,2.69,3.25,-2.01,1.42,4.08,1.0
2026-05-07 04:42:00+00:00,354.2,2.43,3.21,-2.07,1.43,4.08,1.0
2026-05-07 04:43:00+00:00,349.2,2.14,3.15,-2.43,0.9,4.08,1.0
2026-05-07 04:44:00+00:00,361.0,2.75,2.78,-2.88,1.3,4.21,1.0
2026-05-07 04:45:00+00:00,353.9,2.17,2.87,-2.47,1.67,4.13,1.0
2026-05-07 04:46:00+00:00,354.0,2.57,2.68,-2.45,2.0,4.14,1.0
2026-05-07 04:47:00+00:00,354.9,2.37,2.4,-2.43,2.4,4.18,1.0
2026-05-07 04:48:00+00:00,357.8,2.11,2.51,-2.34,2.62,4.32,1.0
2026-05-07 04:49:00+00:00,355.5,2.03,2.47,-2.11,2.94,4.38,1.0
2026-05-07 04:50:00+00:00,352.1,2.04,2.6,-2.3,2.58,4.33,1.0
2026-05-07 04:51:00+00:00,352.4,2.0,2.71,-2.54,2.22,4.32,1.0
2026-05-07 04:52:00+00:00,348.7,1.9,2.81,-2.94,1.87,4.48,1.0
2026-05-07 04:53:00+00:00,345.1,2.08,2.44,-3.37,1.77,4.52,1.0
2026-05-07 04:54:00+00:00,354.9,2.65,2.4,-3.26,1.85,4.46,1.0
2026-05-07 04:55:00+00:00,355.7,2.57,2.82,-3.01,1.31,4.33,1.0
2026-05-07 04:56:00+00:00,351.6,2.0,2.82,-3.04,0.64,4.2,1.0
2026-05-07 04:57:00+00:00,337.3,1.64,2.93,-3.18,-0.19,4.33,1.0
2026-05-07 04:58:00+00:00,355.7,2.71,2.81,-3.31,0.19,4.35,1.0
2026-05-07 05:00:00+00:00,350.5,2.23,3.16,-2.85,0.3,4.27,1.0
2026-05-07 05:01:00+00:00,340.9,2.15,3.03,-2.87,1.0,4.29,1.0
2026-05-07 05:02:00+00:00,348.2,2.44,3.22,-2.23,1.48,4.19,1.0
2026-05-07 05:03:00+00:00,355.9,2.43,2.71,-3.09,0.17,4.11,1.0
2026-05-07 05:04:00+00:00,356.5,2.37,2.24,-3.77,-1.37,4.59,1.0
2026-05-07 05:05:00+00:00,347.3,2.06,2.24,-3.48,-1.61,4.44,1.0
2026-05-07 05:06:00+00:00,350.8,1.91,1.18,-1.62,3.11,3.7,1.0
2026-05-07 05:07:00+00:00,359.8,1.87,0.56,-0.32,4.31,4.36,1.0
2026-05-07 05:08:00+00:00,366.3,2.06,-0.3,0.11,5.31,5.32,1.0
2026-05-07 05:09:00+00:00,364.5,2.0,0.62,-0.4,5.22,5.27,1.0
2026-05-07 05:10:00+00:00,341.5,1.21,0.54,-0.53,5.15,5.21,1.0
2026-05-07 05:11:00+00:00,359.0,2.77,0.87,-0.74,5.05,5.17,1.0
2026-05-07 05:12:00+00:00,357.4,2.38,0.91,-0.82,5.06,5.21,1.0
2026-05-07 05:13:00+00:00,354.7,1.78,0.33,-0.63,5.18,5.23,1.0
2026-05-07 05:14:00+00:00,340.5,0.8,-0.25,-0.1,5.45,5.46,1.0
2026-05-07 05:15:00+00:00,367.2,2.45,-0.36,-0.45,5.37,5.4,1.0
2026-05-07 05:16:00+00:00,364.6,2.57,0.3,-0.49,5.28,5.31,1.0
2026-05-07 05:17:00+00:00,354.5,2.25,0.18,-0.52,5.25,5.28,1.0
2026-05-07 05:18:00+00:00,355.9,2.44,-0.18,1.61,4.81,5.07,1.0
2026-05-07 05:19:00+00:00,364.3,2.82,-0.38,2.02,4.87,5.29,1.0
2026-05-07 05:20:00+00:00,361.8,2.65,-0.07,1.49,5.0,5.21,1.0
2026-05-07 05:21:00+00:00,360.2,2.25,0.16,1.17,5.17,5.3,1.0
2026-05-07 05:22:00+00:00,357.5,2.02,0.62,0.39,5.25,5.3,1.0
2026-05-07 05:23:00+00:00,355.4,2.15,0.77,-0.29,5.34,5.4,1.0
2026-05-07 05:24:00+00:00,357.0,2.47,0.92,-0.69,5.19,5.31,1.0
2026-05-07 05:25:00+00:00,356.8,2.44,0.4,0.1,5.33,5.35,1.0
2026-05-07 05:26:00+00:00,355.2,2.1,1.04,-1.09,4.99,5.22,1.0
2026-05-07 05:27:00+00:00,353.5,2.45,0.98,-0.84,5.03,5.19,1.0
2026-05-07 05:28:00+00:00,356.9,2.7,0.47,-1.06,5.05,5.19,1.0
2026-05-07 05:29:00+00:00,357.6,2.56,0.67,-1.23,4.91,5.11,1.0
2026-05-07 05:30:00+00:00,352.1,2.19,1.31,-1.39,4.6,4.98,1.0
2026-05-07 05:31:00+00:00,345.9,1.92,1.17,-1.34,4.54,4.88,1.0
2026-05-07 05:32:00+00:00,345.8,1.92,1.37,-2.19,4.22,4.95,1.0
2026-05-07 05:33:00+00:00,357.1,2.65,1.2,-2.6,3.97,4.9,1.0
2026-05-07 05:34:00+00:00,353.6,2.38,0.95,-2.75,3.9,4.87,1.0
2026-05-07 05:35:00+00:00,348.4,2.09,1.72,-1.85,3.85,4.6,1.0
2026-05-07 05:36:00+00:00,352.9,2.46,2.14,-2.15,3.58,4.7,1.0
2026-05-07 05:37:00+00:00,352.1,2.26,1.87,-1.72,3.79,4.56,1.0
2026-05-07 05:38:00+00:00,349.2,1.88,1.87,-1.25,3.97,4.56,1.0
2026-05-07 05:39:00+00:00,347.3,1.89,1.38,-1.04,4.29,4.62,1.0
2026-05-07 05:40:00+00:00,349.5,2.16,0.94,-1.07,4.64,4.86,1.0
2026-05-07 05:41:00+00:00,354.8,2.36,0.76,-0.5,4.81,4.9,1.0
2026-05-07 05:42:00+00:00,350.7,2.11,1.04,-0.53,4.65,4.79,1.0
2026-05-07 05:43:00+00:00,351.7,2.12,0.96,-0.45,4.84,4.96,1.0
2026-05-07 05:45:00+00:00,356.7,2.2,0.35,-0.23,4.98,4.99,1.0
2026-05-07 05:46:00+00:00,355.4,2.16,0.69,-0.56,4.89,4.97,1.0
2026-05-07 05:47:00+00:00,355.0,2.26,0.67,-0.4,4.96,5.02,1.0
2026-05-07 05:48:00+00:00,352.9,2.01,0.65,-0.38,4.98,5.04,1.0
2026-05-07 05:49:00+00:00,355.4,2.32,-0.04,0.09,4.99,4.99,1.0
2026-05-07 05:50:00+00:00,357.1,2.29,0.44,-0.08,4.97,4.99,1.0
2026-05-07 05:51:00+00:00,355.5,2.29,0.73,-0.55,4.85,4.93,1.0
2026-05-07 05:52:00+00:00,354.1,2.13,0.46,-0.51,4.94,4.98,1.0
2026-05-07 05:53:00+00:00,354.0,1.25,0.77,-0.27,4.75,4.82,1.0
2026-05-07 05:54:00+00:00,352.1,2.1,1.61,0.25,4.36,4.65,1.0
2026-05-07 05:55:00+00:00,352.8,2.24,0.93,-0.47,4.06,4.19,1.0
2026-05-07 05:56:00+00:00,352.5,2.26,1.29,-1.72,4.14,4.67,1.0
2026-05-07 05:57:00+00:00,347.5,2.01,1.91,-2.4,3.62,4.74,1.0
2026-05-07 05:58:00+00:00,348.4,2.25,0.69,-3.14,3.22,4.55,1.0
2026-05-07 05:59:00+00:00,351.8,2.43,-1.19,-1.95,4.49,5.04,1.0
2026-05-07 06:00:00+00:00,359.0,2.26,-0.97,-1.79,4.54,4.98,0.0
2026-05-07 06:01:00+00:00,357.2,1.93,0.07,-1.08,4.7,4.82,0.0
2026-05-07 06:02:00+00:00,349.7,2.4,0.56,-0.78,4.81,4.9,0.0
2026-05-07 06:03:00+00:00,355.6,2.59,0.4,-0.47,4.91,4.95,0.0
2026-05-07 06:04:00+00:00,358.2,2.49,-0.12,-0.61,5.0,5.04,0.0
2026-05-07 06:05:00+00:00,358.4,2.48,0.07,-0.77,4.97,5.03,0.0
2026-05-07 06:06:00+00:00,355.2,2.12,-0.06,-0.72,5.01,5.06,0.0
2026-05-07 06:07:00+00:00,361.1,2.54,-0.08,-1.04,4.92,5.03,0.0
2026-05-07 06:08:00+00:00,359.8,2.45,-0.07,-1.49,4.79,5.02,0.0
2026-05-07 06:09:00+00:00,356.0,2.02,-0.41,-2.15,4.55,5.05,0.0
2026-05-07 06:10:00+00:00,354.9,2.06,-0.58,-1.79,4.77,5.13,0.0
2026-05-07 06:11:00+00:00,353.1,2.02,-0.4,-1.21,4.91,5.07,0.0
2026-05-07 06:12:00+00:00,362.9,2.66,-0.48,-1.07,4.93,5.07,0.0
2026-05-07 06:13:00+00:00,359.3,2.26,-0.52,-0.79,4.94,5.03,0.0
2026-05-07 06:14:00+00:00,350.7,1.69,-0.89,-3.11,3.98,5.13,0.0
2026-05-07 06:15:00+00:00,343.7,2.05,-0.47,-2.1,4.61,5.09,0.0
2026-05-07 06:16:00+00:00,365.2,2.34,-0.63,-2.34,4.49,5.1,0.0
2026-05-07 06:17:00+00:00,363.0,2.49,-0.36,-2.81,4.16,5.04,0.0
2026-05-07 06:18:00+00:00,356.2,2.08,-1.02,-3.46,3.53,5.04,0.0
2026-05-07 06:19:00+00:00,346.0,1.5,-0.34,-2.97,4.09,5.07,0.0
2026-05-07 06:20:00+00:00,362.6,2.94,-0.32,-2.5,4.45,5.11,0.0
2026-05-07 06:21:00+00:00,362.3,2.72,-0.3,-2.37,4.55,5.14,0.0
2026-05-07 06:22:00+00:00,354.9,2.15,1.48,-1.09,4.25,4.63,0.0
2026-05-07 06:23:00+00:00,342.7,1.9,2.3,-0.24,4.04,4.66,0.0
2026-05-07 06:24:00+00:00,346.5,2.11,1.9,-0.34,4.38,4.78,0.0
2026-05-07 06:25:00+00:00,351.0,2.28,1.43,-0.4,4.61,4.84,0.0
2026-05-07 06:26:00+00:00,349.0,2.16,1.22,-0.32,4.65,4.82,0.0
2026-05-07 06:27:00+00:00,342.9,1.58,1.34,-0.22,4.59,4.79,0.0
2026-05-07 06:28:00+00:00,344.1,1.53,1.04,-0.28,4.73,4.85,0.0
2026-05-07 06:29:00+00:00,354.9,2.34,0.75,-0.32,4.74,4.81,0.0
2026-05-07 06:30:00+00:00,354.3,2.33,0.92,-0.69,4.69,4.83,0.0
2026-05-07 06:31:00+00:00,348.4,1.98,1.04,-0.72,4.68,4.85,0.0
2026-05-07 06:32:00+00:00,345.8,1.9,1.26,-0.87,4.59,4.84,0.0
2026-05-07 06:33:00+00:00,350.8,2.5,0.94,-0.59,4.71,4.84,0.0
2026-05-07 06:34:00+00:00,349.4,2.18,0.9,-1.04,4.74,4.93,0.0
2026-05-07 06:35:00+00:00,347.1,2.04,0.63,-1.28,4.77,4.98,0.0
2026-05-07 06:36:00+00:00,346.0,1.82,0.31,-2.52,4.43,5.11,0.0
2026-05-07 06:37:00+00:00,354.8,2.41,0.27,-2.55,4.4,5.1,0.0
2026-05-07 06:38:00+00:00,356.4,2.52,0.14,-2.47,4.42,5.06,0.0
2026-05-07 06:39:00+00:00,353.6,2.08,0.16,-2.63,4.33,5.07,0.0
2026-05-07 06:40:00+00:00,348.8,2.06,0.0,-3.25,3.83,5.02,0.0
2026-05-07 06:41:00+00:00,353.9,2.42,0.01,-2.93,4.06,5.01,0.0
2026-05-07 06:42:00+00:00,354.1,2.39,0.94,-1.26,4.38,4.65,0.0
2026-05-07 06:43:00+00:00,348.1,2.06,1.09,-1.34,4.44,4.76,0.0
2026-05-07 06:45:00+00:00,348.2,2.06,1.05,-1.77,4.24,4.71,0.0
2026-05-07 06:46:00+00:00,349.4,2.17,1.22,-1.61,4.18,4.65,0.0
2026-05-07 06:47:00+00:00,348.1,2.08,0.53,-2.24,4.17,4.76,0.0
2026-05-07 06:48:00+00:00,350.4,1.91,0.84,-2.5,3.89,4.7,0.0
2026-05-07 06:49:00+00:00,348.9,2.19,1.39,-2.91,3.47,4.74,0.0
2026-05-07 06:50:00+00:00,347.1,2.23,1.3,-3.15,3.26,4.72,0.0
2026-05-07 06:51:00+00:00,343.7,2.2,1.44,-3.3,2.89,4.61,0.0
2026-05-07 06:52:00+00:00,345.9,2.43,2.07,-3.04,2.64,4.53,0.0
2026-05-07 06:53:00+00:00,342.3,1.97,1.98,-2.64,2.97,4.44,0.0
2026-05-07 06:54:00+00:00,343.4,2.28,1.85,-2.55,3.15,4.46,0.0
2026-05-07 06:55:00+00:00,344.0,2.18,1.93,-2.34,3.22,4.42,0.0
2026-05-07 06:56:00+00:00,344.2,2.13,2.1,-2.32,3.15,4.44,0.0
2026-05-07 06:57:00+00:00,345.5,2.12,2.14,-2.44,3.11,4.5,0.0
